nm1299267	tt0009781,tt4829450,tt2376024,tt3194412,tt3797076,tt1642662
nm4295152	tt0167897,tt1712067,tt1986126,tt2789512,tt0237625,tt0823209,tt7297956
nm1278480	tt1177963
nm1296995	tt0093112,tt0093112,tt1631867,tt0045281,tt1007950
nm3528642	tt1712067,tt8787396,tt0372776,tt1825906
nm4283378	tt1742078,tt0145551,tt6192784
nm4283769	tt0186010,tt0001163,tt2156693,tt1729172,tt7297956
nm4285409	tt0261697
nm4285506	tt1592556
nm5398498	tt0040155,tt1007950,tt1395039,tt0404434
nm5398814	tt4665642,tt0145551,tt0154265
nm8915095	tt1332007,tt0001163,tt0051934,tt3273740,tt1825906,tt2386177,tt1461249,tt0084524
nm8915096	tt0316538,tt0345503,tt0323860,tt0035629,tt1592556,tt0167897,tt5780352,tt0438054,tt0034947
nm8915097	tt3079150,tt1631867,tt2591706,tt8068228,tt4760890,tt0077772,tt0009941,tt2351277,tt7975674
nm8915098	tt0035629,tt7659522,tt2388775
nm0393559	tt0345503,tt8068228,tt4580370,tt4269966,tt7975674,tt3527012,tt0175269
nm2419554	tt8068228,tt1167867,tt0045281
nm2920492	tt5228184,tt1791441,tt1360768,tt1177963,tt2156693,tt0180772
nm3141946	tt0015335,tt2124829,tt5228184,tt2182135,tt2156693,tt6968706
nm4480686	tt4269966,tt1825906,tt0372776,tt1655389,tt1669649
nm5496823	tt0051934,tt0057028,tt0034947,tt4440878
nm6561555	tt1736040,tt0077772,tt3797076,tt2244697,tt1927164,tt0129414,tt1886574,tt2436058,tt0084524
nm0615535	tt0472458,tt1899216,tt3810486
nm1555081	tt0180115
nm3369288	tt0266948,tt1927164,tt4799700
nm3369444	tt0329506
nm3370186	tt4359602,tt1986126,tt1332007,tt0338988,tt1729172,tt1886574,tt2369596,tt3959580
nm0069589	tt0051618,tt8312224,tt4942738
nm0859240	tt0180115,tt1140875,tt6464500,tt3597830,tt3597830,tt3828854,tt0146324,tt0358063
nm1050720	tt4945068,tt8613758,tt0015335,tt7659522
nm1407348	tt0070763,tt0193891,tt8726166
nm2113164	tt0293447,tt3597830,tt4440878,tt4760890,tt5754050,tt0040155,tt0293332
nm2170748	tt1887751,tt2376024,tt0075159,tt2376024,tt2528466,tt8287172,tt1670365,tt0372776,tt3738976
nm2555265	tt1825906,tt0010678,tt1177963,tt6765436,tt2528466,tt2591706,tt0231876,tt0404434
nm2729583	tt0317136,tt0040155,tt1395039,tt0317136,tt2767002,tt3815126,tt0459578,tt3527012
nm2871559	tt0377119,tt1669649,tt2203757,tt1263764,tt0438054
nm3128049	tt1986126
nm3221452	tt1461249,tt6498604,tt1642662,tt3527012,tt7297956
nm3354381	tt0012759,tt1830817,tt7297956,tt0070763,tt1167867,tt1712067,tt5780352,tt2203757,tt0317136
nm3461256	tt0438054,tt2960678,tt1177963,tt5238896,tt0027283,tt0129414,tt5754050,tt0009781,tt0167897
nm3673080	tt0167897,tt0231876
nm3674971	tt1553930,tt0103735,tt1198192,tt2767002
nm3680703	tt0323860,tt8347882,tt0113744,tt7435274
nm3726275	tt2386177,tt4799700,tt8787396,tt0175269,tt0040155
nm3826987	tt6498604,tt1553930,tt1167867,tt0084524,tt1642662,tt2386177,tt3745694,tt1742078
nm3829859	tt0321963,tt1887751,tt1140875,tt0317136,tt4760890,tt0199990,tt7094790
nm3829870	tt8334148,tt0057028,tt1332007,tt2933632,tt4580370
nm3829959	tt0261697,tt2194595
nm3830049	tt0009781
nm3830891	tt0057028,tt0318011,tt6192784,tt8068228,tt3597830,tt1874759,tt0316538,tt1825906,tt0377119
nm3849093	tt0040155,tt2933632,tt0139339,tt1986126,tt0312374,tt0008424,tt0040155
nm3854173	tt0084524,tt3273740
nm3854629	tt0316538,tt1395039
nm3859955	tt2419838,tt0231876,tt0823209,tt8342104,tt0015335,tt0070763
nm3888033	tt1886574,tt5614054,tt4665642,tt2194595,tt0093112,tt0167897
nm3962962	tt2591706,tt3273740,tt0167897,tt2203757,tt0093112,tt7297956,tt1450722
nm4675892	tt3429774
nm4735120	tt1198192,tt1642662,tt4829450,tt0167897,tt2419838,tt2388775,tt2388775,tt2203757
nm4885130	tt0009781,tt2098680,tt1392095,tt1007950,tt0318011,tt6192784,tt1479958,tt1791441,tt3079150
nm5046333	tt0103735,tt4269966
nm5058500	tt1729172,tt7297956,tt6968706,tt0070763,tt0051618,tt3738976,tt6968706,tt3745694
nm5102523	tt7435274,tt0358063,tt1736040,tt0145551,tt0318011,tt1167867
nm5103033	tt4799700,tt5754050,tt1360768
nm5349631	tt0129414,tt8613758,tt0180772
nm5402333	tt4359602,tt0035629,tt4440878,tt0103735,tt2386177,tt0001163,tt1899216,tt3711684,tt7699284
nm5468814	tt0001163,tt2591706
nm5481720	tt1076786,tt7435274,tt8068228,tt0129414
nm5482763	tt1642662,tt7238958,tt2528466,tt1461249,tt0077772,tt0105733,tt0040155
nm5575126	tt1392095,tt0404434,tt1279237,tt3959580,tt3290562,tt2194595,tt2767002,tt0199990,tt8334148
nm5618319	tt3959580,tt4359602,tt0154028,tt1729172,tt8787396,tt8726166,tt1007950,tt1279237,tt0154265
nm5718781	tt7699284,tt0338988,tt0059356,tt5228184,tt2182135,tt1791441,tt0321963,tt0323860,tt0459578
nm5884963	tt1140875,tt0053583,tt2124829,tt0057028,tt3273740,tt6968706,tt5238896
nm5963320	tt0180772,tt8312224,tt0293332,tt0045030,tt1887751,tt3009456
nm5982174	tt7699284,tt3745694,tt0404434,tt0023346,tt8287172,tt0084524
nm5987050	tt0145551,tt0186010,tt1450722,tt0266948,tt2591706,tt1179852,tt7297956,tt0404434
nm5987052	tt0015335,tt3113842,tt0146324,tt3527012,tt3273740,tt0404434,tt3745694
nm6085690	tt2591706
nm6155463	tt0009781,tt1267280,tt1863160,tt6968706
nm6155464	tt0175269,tt1670365,tt2734974,tt0186010,tt0180772,tt7975674
nm6155468	tt1669649,tt4456262
nm6155469	tt8287172,tt0084524,tt0027283,tt0438054,tt2203757,tt1874759
nm6155471	tt0323860,tt0070763,tt0377119,tt6464500,tt2124829,tt2098680
nm6155472	tt7297956,tt3317762,tt0338988,tt3711684,tt6498604,tt2528466,tt0323860,tt0045281,tt0084524
nm6155473	tt0167897
nm6687008	tt1830817,tt4359602
nm6700347	tt0010678,tt0139339,tt0172394,tt3745694,tt1233200,tt8287172,tt0167897,tt0045281,tt0146324
nm7357746	tt0077772,tt1461249,tt0009941
nm7702182	tt1631867,tt8347882,tt4945068
nm7830718	tt0193891,tt8334148,tt1279237,tt0202135,tt4580370,tt2244697,tt8342104
nm8001019	tt1360768,tt0053583
nm8153748	tt0139339,tt1729172,tt3009456,tt1670365,tt6464500
nm8503862	tt2789512,tt0186010,tt7297956,tt1461249,tt7435274
nm8503863	tt0077772,tt0293332,tt3815126,tt8334148
nm8503864	tt0045030,tt0180115,tt1642662,tt0001163,tt1332007,tt0053583,tt2967646,tt1450722,tt7435274
nm8503865	tt0823209,tt0010678,tt0070763,tt3738976,tt0266948
nm8503866	tt0012759,tt1450722
nm8503867	tt0093112,tt3959580,tt0459578,tt3079150,tt2967646,tt1267280
nm8503868	tt0084524,tt0040155,tt4269966,tt7297956,tt0180115,tt2156693
nm8503870	tt0145463,tt2767002,tt0202135,tt2960920,tt0145463,tt1198192,tt0053583
nm8503873	tt1140875
nm8503874	tt7297956
nm8519372	tt2194595,tt1179852,tt1198192,tt1461249,tt1669649
nm8539699	tt0180772,tt6498604,tt3290562,tt1279237,tt8613758,tt1267280,tt3597830
nm8739046	tt2098680,tt2156693,tt1167867,tt1655389,tt1179852,tt7297956,tt2767002,tt8347882,tt0129414
nm8739047	tt8613758,tt2098680,tt1592556
nm1737295	tt1395039,tt3290562,tt1791441,tt0070763,tt7382680,tt6498604,tt1742078
nm0646894	tt1830817,tt0093112
nm1109897	tt1712067,tt7094790,tt2591706,tt2386177,tt0199990,tt3738976,tt1887751,tt0472458
nm2082414	tt1198192,tt1140875,tt0061438,tt8312224,tt1655389,tt0093112
nm2230515	tt2734974,tt1742078,tt0061438,tt0312374,tt0472458,tt0045281
nm3533420	tt0823209
nm4451252	tt4456262,tt3009456,tt1450722,tt0318011,tt6765436,tt3157254
nm4451302	tt0010678,tt1167867
nm4451311	tt3828854,tt0198965
nm4451485	tt1874759,tt1076786
nm4451517	tt0358063,tt0416960,tt1395039,tt3290562,tt0199990
nm4451567	tt3810486,tt7699284,tt5614054,tt0823209,tt2734974,tt6464500
nm4451674	tt1263764,tt4269966,tt5228184,tt1140875,tt1642662,tt0105733,tt3828854
nm4451880	tt8068228,tt3797076,tt5614054,tt0823209,tt0404434
nm4451947	tt0070763,tt3527012,tt3745694,tt0438871,tt2933632,tt3711684
nm4452018	tt2124829,tt2203757,tt5614054,tt4799700,tt6968706,tt3429774,tt5695140
nm4452093	tt0009781,tt0154028,tt1736040,tt2351277,tt7435274
nm4452140	tt0103735,tt0180772,tt1007950,tt1669649,tt1179852,tt3290562,tt3711684,tt2591706,tt1198192
nm4452194	tt3290562,tt0093112
nm4452208	tt0186010
nm4452325	tt0172394,tt0416960,tt2369596,tt1725803,tt3815126,tt0145551,tt2933632,tt2933632
nm4452465	tt2419838,tt0329506,tt8787396,tt4829450,tt0293447,tt0231876,tt8068228,tt0180115,tt0027283
nm4598501	tt4829450,tt3273740,tt1279237,tt1140875,tt0416960
nm4602625	tt6464500,tt0145463,tt7419326,tt3874900,tt2960920
nm4975069	tt4665642,tt1177963,tt0008424
nm5844682	tt3797076,tt0008424,tt2528466,tt0053583,tt2194595,tt0823209,tt1198192
nm7095393	tt3828854,tt2528466
nm1250527	tt0199990,tt2182135,tt1725803
nm2070834	tt1631867,tt1725803,tt1450722,tt3815126,tt2182135,tt4359602,tt0186010,tt3527012,tt0321963
nm6225877	tt3113842,tt0293332,tt7975674,tt6968706,tt1553930,tt4665642,tt1263764,tt7297956,tt4440878
nm9801899	tt0035629,tt3273740
nm9801900	tt6968706,tt0145551,tt2098680
nm3083398	tt0145551,tt0012759,tt4359602,tt0317136,tt0053583,tt1874759,tt0058969,tt6192784
nm3084981	tt0180772,tt2244697,tt2767002,tt0180772,tt1742078,tt0009781,tt3079150
nm3085311	tt3290562,tt1076786,tt2419838,tt1830817,tt8347882,tt7382680
nm0160448	tt1392095,tt0317136,tt0059356
nm0760643	tt0193891,tt0154028
nm0832685	tt4942738,tt3527012,tt2960678,tt1669649
nm5712490	tt3273740,tt4359602
nm0028494	tt6968706,tt0061438,tt1742078,tt0001163,tt0175269
nm0046513	tt2419838,tt0077772,tt3810486,tt8287172,tt0093112,tt2244697,tt1669649,tt0198965,tt7094790
nm0070654	tt0199990,tt1886574
nm0079297	tt2194595,tt1177963
nm0079298	tt3527012,tt1655389,tt0145463,tt0316538
nm0129385	tt3290562,tt1927164,tt0237625,tt4799700,tt0023346,tt0167897
nm0132084	tt0199990,tt0045281,tt0145463,tt2676892,tt6192784,tt0237625,tt0172394,tt8787396
nm0134068	tt0237625,tt0001163,tt0416960,tt8068228
nm0161905	tt8420192
nm0195640	tt1874759,tt0198965,tt8287172,tt3738976,tt1791441,tt1479958
nm0210517	tt4665642,tt8334148,tt0103735
nm0232533	tt0372776,tt7382680,tt3527012,tt0312374
nm0267851	tt0008424,tt2436058,tt0045030,tt1986126,tt3815126,tt3797076,tt0145551,tt0051934,tt2369596
nm0268757	tt2388775,tt0059356,tt0180772,tt3429774,tt1179852
nm0270051	tt0129414,tt3874900,tt3113842
nm0271218	tt1167867,tt0180772,tt0009781
nm0272744	tt1332007,tt6498604,tt3874900,tt2098680,tt3194412,tt0293332,tt3874900,tt0075159
nm0309787	tt0084524,tt0220481,tt2676892,tt0329506,tt8420192,tt0220481,tt4945068,tt0074744,tt2960920
nm0531487	tt0193891,tt1631867,tt0001163,tt0293332,tt2376024,tt0045281,tt2098680,tt2734974,tt4580370
nm0557796	tt0358063
nm0557861	tt1267280
nm0595058	tt2960920,tt0084524,tt1007950,tt1233200,tt0318011,tt2388775,tt8312224,tt5614054
nm0600094	tt1167867,tt2419838,tt7082992,tt2124829
nm0603748	tt8334148,tt5780352,tt0103735,tt3815126,tt1395039,tt0023346,tt1553930
nm0613400	tt1076786,tt3429774,tt3273740,tt0009781,tt0404434,tt0045281,tt8342104,tt8334148,tt0084524
nm0636536	tt4829450,tt8420192,tt8787396,tt0093112,tt3810486,tt2960678,tt2591706,tt2591706,tt0001163
nm0637707	tt0180772,tt2182135
nm0661743	tt1360768,tt0057028,tt2244697,tt6192784,tt0167897
nm0681534	tt4580370,tt5228184,tt6498604,tt4942738,tt2194595,tt0103735,tt0059356,tt2369596
nm0681535	tt2734974,tt6498604,tt0172394,tt1986126,tt1177963
nm0686224	tt2933632,tt3157254,tt1076786,tt1669649,tt3527012
nm0713734	tt0139339,tt0180772,tt0172394,tt1177963,tt0193891,tt0009781
nm0723209	tt1631867,tt1736040
nm0744249	tt5695140,tt3194412,tt0167897,tt0358063
nm0744273	tt0321963
nm0757420	tt0034947,tt1461249,tt0472458,tt0172394,tt3009456,tt3959580,tt0051618,tt4799700
nm0768622	tt1007950
nm0797194	tt0237625,tt7094790
nm0822210	tt0377119
nm0826303	tt0145551,tt3079150,tt1167867,tt1725803,tt0186010,tt8787396,tt0061438
nm0850072	tt1332007,tt0074744
nm0851022	tt0261697,tt8613758,tt0061438,tt1279237,tt2369596
nm0866502	tt0009781
nm0875688	tt1863160,tt0186010,tt4760890,tt0023346
nm0895865	tt0070763,tt8420192,tt2967646,tt3429774,tt0180115,tt0438871,tt0321963,tt0220481,tt1177963
nm0900166	tt1863160,tt0001163,tt1742078,tt3429774,tt0075159,tt2967646,tt1886574
nm1001413	tt1631867,tt4440878
nm1014103	tt1863160
nm9150291	tt0001163,tt0077772,tt1450722
nm9150292	tt0459578,tt0084524,tt0034947,tt6192784,tt4359602,tt0172394,tt0220481,tt3157254
nm9150293	tt0105733,tt0338988,tt3810486,tt0012759,tt4580370,tt8347882
nm9150294	tt0015335,tt0103735,tt4942738,tt0129414
nm9150295	tt0009941,tt2351277,tt8312224,tt8420192,tt6498604,tt1886574,tt1736040
nm9150296	tt4799700,tt3429774,tt1450722,tt6968706,tt0045281,tt4604480
nm9150297	tt0404434,tt2194595,tt8420192,tt8787396,tt5754050,tt3597830,tt1725803,tt2767002
nm9150298	tt7094790,tt1927164,tt0145463,tt0321963,tt4440878,tt0035629,tt5754050
nm9150299	tt1736040,tt2351277,tt3273740,tt5614054,tt0075159
nm9150300	tt0051934
nm0097879	tt4580370,tt0175269,tt0823209,tt0093112,tt1198192,tt5228184,tt1267280
nm0315905	tt1725803,tt0472458,tt2203757,tt0027283,tt0146324,tt1825906,tt1830817,tt0318011
nm0363007	tt5695140
nm0441276	tt6765436,tt0040155,tt0193891
nm0471438	tt0823209,tt0237625,tt4799700,tt2419838,tt0823209,tt0175269,tt0040155,tt2528466
nm0596008	tt0193891,tt2960920,tt8420192,tt2676892,tt0175269,tt8287172,tt3290562
nm0713593	tt1631867,tt3113842,tt0175269,tt7082992
nm0788899	tt2419838,tt3194412,tt3797076,tt2124829,tt0045281,tt0139339,tt8726166
nm0802364	tt8312224,tt7297956,tt2244697,tt0323860,tt7975674,tt1736040,tt7975674,tt0103735
nm0802365	tt8287172,tt4269966,tt1874759,tt2960678,tt7659522,tt1886574,tt7699284,tt0012759
nm1021410	tt1553930,tt0154028,tt0358063,tt3317762,tt0008424,tt0329506,tt1927164,tt0061438,tt8287172
nm1024919	tt0198965,tt0293332,tt8787396,tt7435274,tt8726166,tt1887751,tt2351277,tt0312374
nm1029667	tt1332007,tt3815126
nm1040429	tt0317136,tt7659522,tt3113842,tt2351277,tt0051934,tt4604480
nm1124379	tt2789512
nm1185450	tt7238958,tt1179852,tt3273740,tt8312224,tt2591706,tt2767002,tt4580370,tt0009941,tt2676892
nm1199139	tt0472458,tt0202135,tt3815126
nm1214610	tt1986126,tt1233200,tt0198965,tt2388775,tt2194595,tt7975674
nm1341621	tt2098680,tt0317136,tt0312374,tt4580370
nm1618199	tt1886574,tt4456262,tt0237625
nm1618994	tt3711684,tt7082992,tt1198192,tt1198192
nm1619092	tt0103735,tt0321963,tt1742078,tt0105733,tt1279237,tt0009781,tt2194595,tt1642662
nm1619108	tt0377119
nm1619962	tt2369596,tt0316538,tt8068228,tt3157254,tt0045281,tt0345503,tt2591706,tt0059356
nm1647615	tt3959580,tt0175269,tt1076786
nm1751831	tt0416960,tt8787396,tt1007950
nm1843196	tt1899216,tt0057028,tt0377119,tt2376024,tt3815126,tt0459578,tt0472458,tt6765436,tt3429774
nm1879782	tt3009456,tt0358063,tt2767002,tt8726166,tt3597830,tt2156693
nm2124491	tt0077772,tt3429774,tt6765436,tt1553930
nm2170659	tt0202135,tt0472458,tt1395039,tt0009781,tt1791441,tt0167897,tt1631867,tt4269966,tt1395039
nm2212322	tt3797076,tt7382680,tt1927164,tt6192784
nm2213403	tt0145551,tt2124829,tt0231876,tt4359602
nm2269377	tt8342104,tt3429774,tt0154028,tt2767002,tt1392095,tt1007950,tt4269966,tt4269966,tt8726166
nm2301244	tt3527012,tt0312374,tt3828854,tt0231876,tt4580370,tt1742078,tt0323860,tt3317762,tt2351277
nm2305117	tt7238958,tt1450722,tt0045030,tt1553930,tt7435274,tt0261697
nm2307105	tt5228184,tt0172394
nm2308434	tt1631867,tt0312374,tt0040155,tt0180115,tt1725803,tt0199990,tt0180115,tt0077772,tt8342104
nm2893555	tt3711684,tt3194412
nm0398584	tt3828854,tt0009941
nm1330225	tt5754050,tt8342104,tt6968706,tt1332007,tt7419326,tt2676892,tt3815126
nm2583536	tt3157254
nm0033966	tt0316538,tt1392095,tt1450722,tt0180772,tt1863160,tt0077772,tt0058969,tt0009781,tt4456262
nm0383812	tt3815126,tt3815126,tt7238958,tt0459578,tt0040155,tt2098680,tt0198965,tt0146324
nm0181247	tt3597830,tt0070763,tt4760890
nm0246884	tt5228184
nm0718106	tt7659522,tt2960678,tt3157254,tt4359602,tt3290562
nm0912236	tt0358063,tt2194595,tt2386177,tt0823209,tt7238958,tt3810486
nm2365778	tt0261697,tt1267280,tt4799700,tt0077772,tt1263764,tt1830817,tt0293332
nm2861422	tt0145463,tt0093112,tt0075159,tt5238896,tt1986126,tt2203757,tt4580370,tt0058969
nm2864701	tt4945068,tt1395039,tt4799700,tt1179852,tt0113744,tt0317136,tt0180772
nm2868148	tt0172394,tt5238896
nm2868875	tt0023346,tt1863160,tt0261697,tt0001163
nm2077045	tt0009941,tt4942738
nm3255506	tt1986126,tt1712067
nm4960479	tt1631867,tt0172394,tt2182135,tt1729172,tt2419838,tt0186010
nm4969732	tt3429774,tt6464500,tt2436058,tt3745694,tt3429774,tt0051934,tt0084524
nm4999083	tt0075159,tt2203757,tt8068228,tt4799700
nm6442601	tt3828854,tt2124829,tt2436058,tt0372776,tt3874900
nm2593103	tt4799700,tt7238958,tt3079150,tt0009781,tt1076786,tt0093112,tt3113842,tt0154265,tt1863160
nm3832227	tt0266948,tt2194595,tt4580370,tt1899216,tt2960920
nm3832467	tt0266948,tt0045030,tt0146324,tt0012759,tt0145551
nm3833003	tt8068228,tt7419326,tt7419326,tt4440878
nm3836212	tt0438054,tt6498604,tt0051934,tt7382680,tt0009781
nm4008237	tt0145551,tt2376024,tt0317136,tt3745694,tt8726166
nm4178205	tt1592556,tt7094790,tt0345503,tt2591706,tt0312374,tt1742078,tt1198192
nm4211178	tt0053583,tt0015335,tt1725803,tt0070763,tt0220481,tt7238958,tt1233200
nm2262855	tt5238896
nm3307462	tt0053583,tt0139339,tt3815126
nm4142394	tt1927164,tt7659522,tt5695140
nm4250705	tt1279237,tt2388775
nm4670952	tt1863160,tt3797076,tt0034947
nm4988096	tt7297956,tt0129414,tt8068228,tt1279237,tt1986126,tt7699284,tt4829450
nm5828817	tt3273740,tt1279237,tt2194595,tt4269966,tt0045030,tt1886574,tt0051934
nm5828818	tt4456262,tt0321963,tt7382680,tt0105733,tt7975674,tt0009941
nm5828819	tt0823209,tt2351277,tt4799700,tt0009781,tt7238958,tt3874900,tt3711684
nm5828820	tt2528466,tt0202135,tt0045281,tt8334148,tt0051934,tt0220481,tt2244697
nm5828821	tt3317762,tt1736040
nm5828822	tt3810486,tt6498604,tt4359602,tt6498604,tt0293447,tt0027283,tt6464500,tt1642662
nm5828823	tt8342104,tt0145551,tt0167897,tt0075159,tt0105733,tt3009456
nm5828824	tt0172394,tt0323860
nm5828825	tt7659522
nm5828826	tt1167867,tt0459578,tt3273740,tt0416960,tt8312224,tt5780352,tt8613758
nm5828827	tt3959580,tt0199990,tt0202135
nm5828828	tt0167897,tt2386177,tt0129414,tt0220481,tt2369596,tt3273740,tt0180772,tt8312224,tt4604480
nm5828831	tt4604480,tt0316538,tt0009781,tt1233200,tt3113842,tt0034947,tt1791441
nm5828832	tt0329506,tt0317136,tt0051934,tt2388775,tt2734974
nm5828833	tt0154028,tt1986126,tt1986126,tt2767002,tt0372776,tt0154265,tt1233200
nm5828834	tt4760890,tt8342104
nm5828835	tt0459578,tt3527012,tt2351277,tt1076786,tt0416960,tt8342104,tt0823209,tt0154265,tt0198965
nm5828836	tt7435274,tt0377119,tt1886574,tt3810486,tt2767002,tt8287172
nm1602541	tt0312374,tt4604480,tt0186010,tt0459578,tt2933632,tt2203757,tt2156693
nm0053110	tt1392095,tt2386177,tt3273740
nm0084419	tt0438871,tt4665642,tt8312224
nm0182648	tt1553930,tt0312374,tt0312374,tt1198192,tt0059356,tt0040155,tt2591706,tt0175269
nm0216123	tt0318011,tt0193891
nm0245190	tt2967646,tt2528466,tt0180115,tt0180115,tt8334148,tt0034947,tt0323860,tt7435274
nm0331616	tt1007950
nm0332078	tt0293332,tt2386177,tt0316538,tt3810486,tt2194595,tt1670365,tt1198192,tt3113842
nm0350785	tt0180115,tt0321963,tt3597830,tt2098680,tt0040155,tt0329506
nm0521855	tt0051934,tt1553930,tt2676892,tt0051618,tt0261697
nm0561448	tt2386177,tt3079150,tt1655389,tt0459578,tt0220481
nm0633687	tt0035629,tt2960920,tt1395039,tt7382680,tt1461249,tt1886574,tt3828854,tt1927164
nm0693539	tt2436058,tt2182135,tt1655389,tt3828854
nm0756760	tt0145463,tt8312224,tt0172394,tt0329506,tt8726166,tt0180772,tt2194595,tt1742078
nm0842232	tt3157254,tt4440878,tt7975674,tt0167897,tt7975674
nm0842233	tt3157254,tt0316538,tt1392095,tt1729172,tt4760890,tt2967646,tt0318011
nm0490547	tt3157254,tt6498604,tt0010678,tt0061438
nm2634640	tt0154028,tt4799700,tt1887751,tt6192784,tt2528466,tt2388775,tt1669649,tt1725803
nm2747913	tt1927164,tt3290562
nm3251954	tt0084524,tt5754050,tt1076786,tt6464500,tt1669649,tt1742078,tt1360768
nm3252193	tt0034947,tt1899216,tt3745694,tt0377119,tt0045281,tt4829450,tt1267280,tt0438871,tt1830817
nm4916815	tt5780352,tt0202135,tt8287172,tt5780352,tt8068228
nm5176429	tt0070763,tt3009456,tt2194595,tt7659522,tt2194595
nm7715465	tt0084524,tt1267280,tt2789512,tt6968706,tt1899216,tt4604480,tt0312374,tt2386177,tt7297956
nm9263470	tt0358063,tt0113744,tt0172394,tt3113842,tt1791441,tt3429774
nm9421055	tt0103735
nm9948850	tt0139339,tt0023346,tt1642662,tt2376024,tt3113842
nm0474447	tt2369596,tt0053583,tt0058969,tt8347882,tt2388775,tt2591706,tt1830817
nm4332182	tt0059356,tt6192784,tt0129414,tt0198965,tt7238958,tt0154265
nm5030572	tt3194412,tt0074744,tt0105733,tt3317762,tt0220481
nm0091114	tt7975674,tt0113744,tt7238958,tt2591706,tt4456262,tt2156693,tt4359602
nm0218385	tt1899216,tt1642662,tt0008424,tt2124829,tt1736040,tt0103735,tt0084524,tt3273740,tt0008424
nm0379296	tt0145463,tt0338988
nm0482102	tt0059356,tt6464500,tt1669649,tt3874900,tt0316538,tt3527012,tt0293332,tt2960920,tt4760890
nm0598405	tt4359602,tt2967646,tt4580370,tt0317136,tt0172394,tt0823209,tt0027283,tt1360768,tt2528466
nm0617767	tt0404434,tt2194595
nm0813924	tt0321963
nm0844075	tt7094790,tt2960678,tt0009941,tt4440878,tt0186010,tt3527012
nm0844086	tt3810486,tt1461249,tt0198965,tt8342104,tt0202135,tt2436058,tt3745694
nm0896944	tt0358063,tt7382680,tt0051618,tt0193891,tt1986126,tt2960920,tt3711684
nm0072853	tt3874900,tt3429774,tt0823209
nm0165061	tt1395039,tt5695140,tt1670365,tt2933632,tt1263764,tt0012759,tt7297956,tt0358063
nm0182303	tt0103735,tt2351277,tt2388775,tt7094790,tt1263764,tt7699284
nm0206067	tt1140875
nm0288714	tt1450722,tt5614054,tt2194595,tt2436058,tt3194412,tt0293447,tt0237625
nm0310025	tt8287172,tt1791441,tt0318011,tt0172394
nm0360262	tt1279237,tt1742078,tt0180115,tt4269966,tt1233200
nm0365692	tt0010678,tt3113842,tt1592556,tt4440878,tt1198192,tt0077772,tt1076786,tt0012759,tt0010678
nm0366245	tt8068228,tt1830817,tt5614054,tt0293447,tt5695140,tt3745694,tt1729172,tt4456262
nm0371687	tt0009781,tt0329506,tt0167897,tt0027283,tt0077772,tt3828854,tt8347882
nm0372214	tt1899216,tt1167867,tt3815126,tt0261697
nm0486538	tt0009781
nm0533131	tt0001163,tt1886574,tt7238958,tt0009941,tt3745694,tt1461249
nm0536114	tt8787396,tt1736040,tt4359602,tt0057028,tt2767002
nm0573793	tt0035629,tt0438054,tt0103735,tt2351277,tt0154265,tt0823209,tt0180772
nm0591695	tt7419326,tt3711684,tt4580370,tt4604480
nm0615463	tt0105733,tt3527012,tt0293447,tt1461249,tt3959580,tt8726166,tt1392095,tt0001163,tt0293447
nm0861185	tt3597830,tt2376024
nm0873754	tt0338988,tt1279237,tt3009456,tt0237625
nm0923664	tt0139339,tt2967646
nm1508451	tt2960678,tt3273740,tt0070763
nm3746414	tt0293447,tt6498604,tt0034947,tt1742078,tt0237625,tt0202135,tt0317136,tt3290562
nm5431678	tt0372776,tt0053583,tt1179852,tt0377119,tt8334148,tt0009941,tt0293332,tt2528466,tt0438871
nm5457618	tt0084524,tt2436058
nm5869752	tt1874759,tt7435274,tt0438054
nm5869753	tt6968706,tt3290562
nm5869776	tt0034947,tt0377119,tt0129414,tt1830817,tt2194595
nm5869778	tt0145463,tt0057028
nm5869779	tt1830817,tt6498604,tt0035629,tt1725803,tt0438871,tt4942738,tt0416960,tt2386177
nm5869780	tt8312224,tt0045281,tt2124829,tt0034947,tt2369596,tt3815126,tt3711684
nm5869781	tt0010678
nm5869782	tt1198192,tt4456262,tt1479958,tt0172394,tt3738976,tt2591706,tt1076786,tt0113744,tt0321963
nm5869783	tt2156693,tt2098680,tt1177963
nm5869784	tt8347882,tt1267280,tt0105733,tt7699284
nm5869785	tt2388775,tt0075159,tt2960920,tt0034947,tt1140875,tt8312224,tt0293332,tt3009456,tt1592556
nm5962516	tt1233200,tt5780352,tt3079150,tt1670365,tt0040155,tt3113842,tt3874900
nm0936552	tt7699284,tt1177963,tt0193891,tt8068228,tt0329506,tt7659522,tt0093112,tt3874900,tt1450722
nm1590025	tt1642662,tt1167867,tt3273740,tt4942738,tt3429774
nm0944357	tt1886574,tt0034947,tt1986126,tt0220481,tt3009456,tt3828854
nm1481575	tt1140875,tt0167897,tt2098680,tt0053583,tt0317136,tt5780352,tt1461249,tt2436058
nm2914390	tt7094790,tt0010678,tt3874900,tt0345503,tt5695140,tt0416960
nm2914677	tt8068228,tt1177963,tt3797076,tt1887751,tt0009781,tt8334148,tt2789512,tt8787396,tt3317762
nm0776858	tt3317762,tt1874759,tt1655389,tt0074744,tt0045281,tt1553930,tt0057028
nm1051842	tt0154028,tt0012759
nm0111895	tt1395039,tt1198192,tt8420192,tt3738976
nm0205156	tt7238958,tt0084524,tt2960920,tt7238958,tt3828854,tt0377119,tt5754050,tt8334148,tt0372776
nm0423959	tt1736040,tt1874759,tt2388775,tt8787396,tt2436058,tt3745694
nm0544202	tt0040155,tt0198965,tt8613758,tt0145551
nm0609864	tt0167897,tt1655389,tt0145551,tt0202135,tt2098680,tt1736040,tt0045281,tt0172394,tt2528466
nm0703736	tt7659522,tt0404434,tt0146324,tt4760890,tt2591706,tt3527012,tt4945068
nm0756340	tt7975674,tt6968706,tt2789512
nm0821146	tt7659522,tt0139339
nm0874995	tt1825906,tt1825906,tt0058969,tt2767002,tt0318011,tt2676892,tt1825906,tt8342104
nm4796035	tt4604480,tt0009941,tt1863160,tt0027283,tt1360768,tt2351277
nm4808837	tt7238958,tt1887751,tt0372776,tt0061438
nm4809736	tt1395039,tt0093112,tt7297956,tt0027283,tt2376024
nm4810335	tt2676892,tt2369596
nm0266552	tt3194412,tt3290562
nm0549548	tt0199990,tt8726166
nm0844506	tt5695140,tt1729172,tt0293447,tt2789512,tt0015335,tt1712067,tt0438871,tt4760890
nm1296321	tt5614054,tt0053583,tt3745694,tt1830817,tt1167867,tt7382680,tt7094790,tt1076786
nm1355198	tt0012759,tt0084524,tt8312224,tt3527012,tt0312374
nm1816071	tt0154028
nm1816176	tt3810486,tt4440878,tt2351277,tt2960920,tt0317136,tt0040155,tt2351277
nm1816222	tt0472458,tt1655389,tt7382680,tt0198965,tt0027283,tt2789512,tt2386177
nm1816636	tt7297956,tt0075159,tt0318011,tt0154028,tt0438871,tt0113744,tt7699284,tt2124829,tt1360768
nm1816827	tt5238896,tt0293332,tt8347882,tt6192784,tt4269966,tt0105733,tt1450722,tt0145463
nm1816960	tt3815126,tt0061438,tt0318011
